name,total_us,calls
main,6013955,1
codegen::emitProgram,5327680,1
codegen::run,5327544,1
codegen::emitFunctions,5276274,2
codegen::emitFunction,5276040,1826
linear::linFinishForEmission,2415083,901
optimizations::linOptimizeBody,2066594,2051
codegen::emitBodyAt,1998447,896
optimizations::foldExprsUnder,1392667,1867455
codegen::emitIlBodyText,1158143,896
codegen::ilEmitOpsChecked,1146506,901
codegen::ilEmitOps,1083457,901
linear::run,1007373,6398
codegen::expr,1005780,60449
codegen::ilValueText,879666,21650
codegen::exprInner,819412,60196
codegen::call,774932,9271
linear::ilExtractUnit,769356,896
linear::stmts,751052,902
linear::statement,749952,38201
optimizations::foldExprsInList,706715,10168
linear::call,682829,9512
linear::linLowerForEmission,662170,901
linear::into,611370,19790
common::xmlKind,600308,22033729
linear::assign,566504,14444
linear::callTarget,564506,9421
compiler::driverParseFile,538342,53
compiler::driverParseSource,535599,53
linear::flattenPass,505967,16618
common::xmlIsEmpty,494772,17905869
optimizations::linMergeLocalsOptimization,435880,2542
optimizations::linUseDefsOf,403193,7637
parser::parseModule,397610,106
linear::walkStmts,391261,13077
linear::walkStmt,388373,91907
linear::linFlattenBlocks,376363,3760
common::xmlAttr,336061,11642764
parser::parseBlock,321939,4099
lex::nextToken,321320,222636
parser::parseStmtInto,307656,10865
optimizations::linUseDefCaptured,299113,1436378
optimizations::linDeadStoresOptimization,288040,2542
linear::linSpliceIsSafe,279748,12858
optimizations::linUseDefMarkEscapes,278041,957715
sema::stmts,268747,4043
optimizations::linUseDefStatementNames,267230,847863
optimizations::linDeadLocalsOptimization,267198,2542
sema::stmt,264771,33811
parser::parseStmt,256207,10595
codegen::collectNames,253150,84972
linear::linSimplifyBody,243567,4590
optimizations::linMergeCandidates,238129,2542
optimizations::linFoldConstBody,234406,2542
optimizations::linUseDefUses,225812,435329
linear::flat,224581,166831
linear::linLowerExprs,218494,2545
linear::rewrite,214252,223680
parser::parseExpr,209915,28874
linear::linItemCrosses,200931,181923
parser::parseRoot,196167,53
linear::linStmtCrosses,195657,422751
parser::parseDecl,194512,774
parser::parseFunction,189919,1001
parser::parseUnary,182981,29768
optimizations::linFoldGlobalsBody,179620,2542
codegen::findExtensionFn,179563,4594
parser::cpGather,178867,85526
optimizations::foldConstCountWrites,177777,479076
optimizations::linFoldToStringBody,176897,2542
optimizations::linFoldCompareBody,176052,2542
optimizations::linFoldArithBody,174705,2542
parser::propFind,174097,77176
parser::parsePostfix,170260,28874
linear::rebuild,170067,72542
sema::infer,155852,38952
sema::semInferTypes,154637,901
codegen::cgNeedsReadThrough,152343,60449
linear::linIsBlock,150070,1819123
lex::matchIdentifier,148434,250760
codegen::inferType,147687,49911
linear::linCollectJumpTargets,141757,261761
parser::cpHasFoldCall,139998,87601
linear::labelPass,136358,5529
lex::matchAllOfRules,134237,250760
sema::analyzeStmt,120822,11756
sema::callReturn,116517,5679
codegen::memberCallReturn,113287,2994
linear::linJumpTargets,104696,5529
sema::memberReturn,103119,2481
parser::parseIf,101771,2066
linear::linHoistInList,99799,5189
linear::ilOperandKind,99383,179817
linear::prunePass,98576,5529
linear::inList,96495,4043
lex::matchReservedWord,94166,132149
lex::isAlphaOrDigit,93116,667596
sourcegen::sourceGenReparseNode,91386,84376
parser::parseDataClass,90435,76
linear::linIsCondJump,86154,1039213
linear::lowerStmts,84582,6178
linear::lowerStmt,83309,38157
parser::propRewriteLambdas,80378,77186
optimizations::foldConstWriteName,80173,628301
linear::linIsGoto,78586,957400
optimizations::linUseDefWrites,76611,435329
linear::linIsLabel,76603,924336
linear::operandOf,74168,25181
optimizations::linUseDefCount,72968,1015688
linear::linHoistSlots,71897,2045
linear::convertArgument,70321,12098
linear::lowerIf,69343,2515
codegen::ilFuseConcatUnit,67135,896
linear::ilFuseConcat,67022,901
linear::exprReplaceRole,66410,182573
codegen::ilAnalyze,62472,901
optimizations::foldConstWrite,59553,149225
common::xmlChildPtr,58087,1983600
optimizations::linUseDefMarkCaptures,57691,145008
linear::ilConcatUseCounts,57096,901
sema::analyzeExpr,56194,56259
linear::exprLike,55803,416428
linear::linRenameShadowed,55415,901
sema::analyze,54624,1
sema::run,54480,1
linear::pathOrValue,54331,68415
linear::exprType,54242,16300
optimizations::foldGlobalScanBody,51140,39506
parser::parsePrimary,48257,28874
parser::parseWhile,47857,383
sema::analyzeDecl,47328,774
sema::semTypeOfExpr,47206,16300
optimizations::linMergeCount,46624,290016
sema::analyzeFunction,46351,1001
optimizations::linFoldLabels,44497,2542
optimizations::linThreadJumps,44367,2542
optimizations::linFoldBranchIn,43743,2546
parser::parseVarDecl,43305,2737
lex::matchSpaces,43148,219848
linear::listOf,42351,3149
optimizations::foldGlobalRule,42171,368444
parser::checkText,42038,430689
optimizations::foldToStringRule,40742,368422
common::xmlChildren,40160,224076
optimizations::foldCompareRule,40078,368422
linear::ilOperandTokens,40038,179817
linear::flatList,39830,28012
optimizations::rename,39820,384
optimizations::foldGlobalScanBinds,39402,44139
parser::matchText,38793,222628
parser::cpFoldConstParams,37632,1
optimizations::foldArithRule,36941,368444
optimizations::linUseDefIsBoundary,35959,435329
parser::propRewriteModule,34772,53
parser::propRewriteDecl,34586,774
parser::propRewriteBody,34476,1001
parser::parseWhen,33383,65
optimizations::linCollectJumpThreads,32702,2546
optimizations::linCollectLabelMerges,32143,2546
linear::ilTypeText,32107,101975
codegen::ilDeclGroups,31509,901
sema::typeOf,31348,16300
lex::matchAllOfRule,31054,219848
codegen::ilOpValueNode,29869,21703
linear::receiverOf,29705,8695
optimizations::linDeadStoreIsDead,28883,145291
parser::peek,28253,940068
linear::linLowerBody,27943,2545
linear::lowerBody,27794,2545
optimizations::linUseDefAt,27186,649513
linear::ilOperandKindAt,26920,179817
codegen::collectProgramNames,26833,1
lex::isAlpha,25450,918450
optimizations::linUseDefDeclared,23645,5095
parser::parseReturn,23381,2352
linear::flatCallee,22967,28012
codegen::type,22853,37626
codegen::ilFunctionFor,22827,890
lex::isDigit,22719,803761
parser::parseType,22454,10884
linear::linJumpCrosses,20598,98862
parser::checkKind,20077,224049
linear::ilVarType,19208,190547
common::xmlAddChild,18566,158779
parser::cpRewriteModule,17646,45
optimizations::linUseDefReceiver,17068,67304
codegen::ilCallNode,16962,8609
common::xmlIntAttr,16868,199381
common::xmlLine,16729,119740
codegen::ilDeclTypeText,16249,18997
parser::parseFor,16229,205
linear::linIsHoistable,16149,100757
linear::ilKindOfToken,15926,179817
optimizations::linFoldBranchStmt,15868,145429
linear::bind,15775,10167
linear::place,15238,1549
linear::linIsTerminator,14860,179187
linear::exprIsSimple,14540,176998
optimizations::usesAt,13912,435329
codegen::functionPackage,13289,4618
linear::valueType,13190,3523
optimizations::foldGlobalScanBodies,12355,46
lex::isSpace,12275,439638
optimizations::linFoldLabelsIn,12183,161
codegen::ilSeedFrameTypes,12107,901
linear::ilIsHandleType,12092,83234
codegen::emitYieldable,12063,12
lex::matchNumber,11348,134122
codegen::ilFolded,11339,110928
optimizations::linThreadJumpsIn,11289,302
sema::functionReturn,11221,2513
common::xmlColumn,11102,79641
lex::matchOperator,10826,73096
sema::checkCallArity,10287,9553
codegen::functionReturn,10040,2551
linear::addVar,9840,21372
sourcegen::sourceGenReparseSource,9703,1
codegen::findFunction,9643,3944
common::xmlEmptyNode,9640,227688
sema::resolveType,9324,9536
parser::attach,9266,35080
parser::cpCallIndex,9087,87696
linear::needsPlace,9071,1658
optimizations::defsAt,9018,290038
linear::exprIsPlace,9011,80996
codegen::cgPrecedence,8975,63866
parser::parseGenericArgs,8852,2531
linear::binaryOperand,8848,7600
linear::lowerWhile,8784,586
linear::ilSignature,8761,179817
parser::expectText,8743,31527
codegen::ilOperandNode,8710,28388
parser::skipSeparators,8476,17282
codegen::ilDeclaredAtTop,8325,38243
codegen::ilSlotNode,8301,34557
linear::linBlock,8258,17107
parser::posAttrs,8202,79654
codegen::ilDst,8089,97751
linear::linStmt,7924,57218
sema::mark,7817,42429
codegen::emitMachine,7755,6
optimizations::foldConstValue,7696,53230
optimizations::foldKindOf,7673,93638
linear::linMergedIndex,7617,275732
parser::skipNewlines,7340,49739
sema::semPointee,7241,34905
lex::advance,7085,222583
linear::linBlockStmts,6963,16016
linear::ilTypeNode,6744,189387
linear::exprIsShortCircuit,6676,72738
parser::cpRewriteCalls,6665,95
compiler::driverGatherFiles,6662,1
codegen::memberAccess,6627,3900
linear::freshSlot,6580,8435
codegen::unifyType,6572,12188
sema::checkExtensionCallArity,6523,9553
codegen::typeName,6477,30403
linear::lowerCondition,6442,2659
linear::packStart,6433,9512
linear::begin,6321,901
lex::matchComment,6247,222583
sema::buildVisible,6176,53
sema::semPointeeOf,6150,22937
linear::linIsSpellableType,5703,35110
codegen::ilLine,5646,44188
lex::isReservedWord,5570,58959
sema::spellable,5484,12174
linear::containsShortCircuit,5465,17365
codegen::findNativeExt,5433,2395
linear::ilTokenRepeats,5367,196496
lex::tableMatch,5320,132055
linear::operandValueType,5208,7600
codegen::collectTypeNames,5148,90451
isEmpty,5125,186276
codegen::ilBump,5106,56686
codegen::pointee,5063,22148
linear::withTemps,5040,13113
compiler::driverGatherFiles_closure1::operator(),4881,139
linear::isDecomposable,4859,2659
linear::nameOf,4728,26659
parser::advance,4716,160396
lex::matchEndOfLine,4406,159972
linear::linSubjectDecl,4403,10167
codegen::resolveAlias,4376,19737
linear::linName,4292,23585
linear::appendBody,4245,3633
linear::frameTypes,4143,16300
linear::methodIndex,4137,8851
linear::ilConcatDst,4088,47867
linear::typeIndex,4006,23362
linear::ilWritesDestination,3958,145618
codegen::kindOf,3860,42193
lex::matchCharLiteral,3766,134279
lex::matchStringLiteral,3729,136467
sema::semSubstitute,3668,5034
sema::semWithType,3591,10606
linear::packArguments,3570,253
codegen::typeArgsString,3541,4851
codegen::ilMemberNode,3524,10316
sema::checkViewArgument,3480,5422
sema::semExtensionReceiver,3445,14055
codegen::emitStaticInit,3438,1
sema::semUnifyType,3351,6563
lex::matchAttribute,3303,118705
sema::semReceiverParams,3219,9233
parser::expectName,3159,14404
codegen::qualify,3105,26562
linear::emit,3060,46737
linear::renamedTo,3017,71456
codegen::ilOpOperand,2988,112456
sema::appendVisibleFunction,2975,11841
codegen::staticCallSymbol,2967,8452
linear::keep,2684,54703
codegen::ilNameNode,2681,41207
linear::roleName,2611,10167
codegen::ilDeclLines,2570,5919
linear::varIndex,2556,48467
sema::semBindTypes,2448,4082
codegen::ilConcatStatements,2446,357
sema::checkHandleArgument,2397,5422
sema::semIsPackTarget,2361,7449
linear::buildFrame,2360,901
sema::semIsRtlTypeName,2334,32736
linear::linInvertedJump,2331,2842
codegen::ilBinaryNode,2310,3670
codegen::outerTypeName,2300,9087
linear::isHandleExpr,2257,493
codegen::ilIntAt,2226,79958
optimizations::linUseDefNames,2206,7320
sema::semIsBareTypeParam,2179,8980
linear::valueOf,2162,2020
codegen::collectFacts,2158,1
linear::frameAdd,2156,21397
codegen::fillFacts,2150,1
parser::roleOf,2133,56370
sema::pushScope,2099,41417
linear::isTypeBase,2077,10431
sema::spellableName,2025,11318
sema::semaUnifyReceiver,2014,3071
codegen::nativeReceiverArg,1982,1397
lex::isOperatorChar,1918,70207
linear::linCondJump,1887,4063
parser::parseAttributedDecl,1867,94
linear::lambdaOf,1866,5
codegen::ilGetStaticNode,1865,2815
parser::atEnd,1822,20238
linear::fmtStrParts,1802,7002
linear::receiverPattern,1763,5543
codegen::collect,1734,1
linear::linLabel,1723,7727
optimizations::linMergeNames,1723,1113
linear::declares,1690,3633
codegen::cgIndent,1683,48784
sema::instantiate,1654,6563
sema::semFnFact,1637,996
linear::poolIndex,1626,14846
common::xmlTypeParamNames,1582,11426
sema::isViewType,1558,5424
common::xmlIsTypeParam,1548,41330
linear::baseText,1525,3454
codegen::renameRole,1514,45074
linear::slotTypeText,1491,3776
resources::resLoad,1439,2
linear::simNameAttrs,1434,19015
sema::resolveAlias,1408,6065
optimizations::foldGlobalScanCall,1399,4557
common::xmlChild,1397,29661
codegen::isHandleType,1376,9196
codegen::nsPrefix,1370,26562
common::xmlAddChildren,1356,4482
sema::checkTypeName,1347,8165
common::xmlDecls,1331,454
parser::whenCondition,1327,453
codegen::emitClosureClasses,1320,5
codegen::emitClosureClass,1316,5
linear::ilIntText,1297,33936
codegen::emitClosureMethodText,1280,5
codegen::cgJoin,1277,12451
optimizations::blockAt,1264,47597
codegen::namedType,1243,9033
parser::atStmtEnd,1241,2352
codegen::receiverArg,1208,2199
parser::binaryBindingPower,1207,32641
parser::whenLabelCondition,1173,580
codegen::ilJumpCrossing,1170,18944
parser::propCallLambdas,1164,9527
sema::semaTypeText,1161,6714
parser::cpAddCall,1131,3347
linear::emitCall,1128,8851
linear::ilConcatWrittenSlots,1127,120
linear::linRole,1078,29115
codegen::typePackage,1073,14903
sema::semReplaceRole,1051,4425
sema::checkForIterable,1050,3176
sema::exprType,1013,3090
linear::linGoto,1001,4771
linear::isStaticName,992,8703
codegen::emitTypes,969,1
parser::container,945,4551
sema::semReRole,943,22793
parser::matchGenericCloser,940,2535
linear::plusParts,936,3803
parser::binaryExprAt,934,1063
optimizations::foldIntValue,925,5570
linear::ilConcatValueText,910,1613
codegen::ilConcatPartText,904,580
sema::semNamedType,897,12763
codegen::cgIsMainArgs,887,1791
sema::popScope,886,25117
linear::operandType,885,11456
codegen::beginScope,877,890
sema::declarable,877,10606
codegen::sort,872,1
linear::bodyContext,870,16300
sema::semaIsBuiltinType,867,8165
codegen::ilLiteralNode,856,4557
sema::lookupValue,855,7629
sourcegen::runSourceGen,852,209
linear::exprIsBindable,843,10167
linear::labelIndex,840,8454
sema::lookup,827,8700
linear::calleeToType,825,1454
linear::literalOperand,824,4897
codegen::line,816,4596
sema::declareValue,810,6344
sourcegen::sourceGenEmit,791,1
linear::ilOps1,753,26154
linear::signatureText,752,901
resources::resLoadFiles,751,2
codegen::ilDeclarator,749,18887
codegen::spelling,744,1527
linear::readThrough,740,588
sourcegen::resGen,734,197
sema::collectGlobal,731,1
sema::semaIsSpanType,728,5442
codegen::ilConcatPreamble,717,901
common::xmlCount,717,20949
linear::hasVar,715,15125
codegen::emitDataClass,706,68
parser::looksLikeTypeStart,694,1001
codegen::ilTypeBaseNode,692,727
resources::resResourceFiles,685,2
parser::emptyNode,664,15173
linear::freshLabel,659,7715
sourcegen::resGenEmit,659,90
sema::semMachineType,652,3624
sourcegen::resGenAddSection,637,71
codegen::namedTypeExpr,636,9101
codegen::addFunction,615,996
linear::isCompoundAssignOp,609,14444
linear::ilEmptyBody,604,1797
parser::cpDecide,592,527
codegen::ilConcatPoolOf,589,901
parser::emptyExpr,584,5173
sourcegen::appendText,572,1795
sema::isTypeName,547,3289
resources::resParseText,545,4
parser::checkGenericCloser,542,5828
linear::ilJoinList,542,16480
optimizations::foldArithOp,541,13058
optimizations::foldCompareOp,531,13058
sourcegen::render,521,1
codegen::machineName,520,1791
linear::ilDerefNode,509,2108
linear::linOne,508,9428
linear::ilPointerNode,503,2012
codegen::receiverParam,497,828
linear::ilOperandAt,493,17747
sema::semListTypeOf,489,752
parser::parseEnum,488,13
codegen::sourceComment,488,1022
codegen::ilBorrowNode,482,1607
parser::parseStaticVar,476,39
parser::propCollectDecls,466,53
sema::checkGenericNameArity,460,758
linear::ilEmptySemantics,454,901
sourcegen::sourceGenResHas,440,853
optimizations::foldGlobalScanDecls,435,46
sema::semaIsHandleType,430,2108
parser::ifNode,423,453
parser::cpCountDecls,410,53
linear::argumentType,404,499
linear::ilConcatPartOk,402,450
resources::resHas,397,1722
parser::parseParamName,384,1575
linear::linLowerYield,381,6
linear::dataClassDecl,375,2251
linear::ilOps2,373,12654
linear::assignCompound,366,3
linear::freshTemp,351,10167
linear::linIsSlotName,347,11159
codegen::sort_closure1::operator(),344,12004
sema::semOne,334,4383
parser::isAssignOp,332,2953
sema::semIsExtensionDecl,324,996
codegen::cgReservedNames,312,890
codegen::cgJoinLength,306,10415
linear::staticAddr,304,44
parser::skipFieldSeparators,292,422
parser::varDeclNode,288,426
parser::cpCollectCandidates,286,45
codegen::emitStringTable,286,1
linear::typeIndexText,279,1233
parser::methodCallAt,278,205
linear::ilMethodKindText,277,8851
parser::tryParseLambda,273,50
linear::method,267,6
optimizations::linRetargetJump,266,735
codegen::add,256,1868
sourcegen::appendBlock,250,31
sema::appendGlobalFunction,247,642
codegen::dumpIl,244,890
common::xmlIsDecl,226,8178
parser::boolText,220,7732
linear::ilConcatPoolIndex,215,494
parser::iterCall,213,205
sema::checkInstantiationArity,210,2037
parser::appendTypeParams,209,1094
linear::statements,207,84
parser::memberExprAt,204,205
sourcegen::sourceGenDeclare,198,94
codegen::emitForwardTypes,195,1
sourcegen::appendLine,192,4596
parser::whileNode,189,205
linear::nextId,186,7715
codegen::cgLiteralByteLength,177,1976
linear::ilReceiverTypeNode,172,408
linear::ilLambdaLower,167,5
sema::handle,166,353
linear::ilConcatIsHandle,164,2207
linear::exprAt,163,123
codegen::ilMachineMethod,159,6
parser::fail,156,489
codegen::genericTypeExpr,145,726
parser::nameExprAt,144,566
compiler::driverAppendDecls,141,8
linear::appendOperand,137,266
resources::resResourceFiles_closure1::operator(),137,4
codegen::ilLabelPositions,136,901
linear::ilPoolText,135,3803
parser::isStepOp,133,2953
resources::resIsFenceEnd,125,2431
linear::ilCategoryName,125,4046
linear::ilOps4,123,3803
linear::ilReceiverTypeText,122,402
codegen::isIndexableContainer,116,417
optimizations::foldIsHandleType,115,1072
sema::appendPackageDecl,114,774
linear::expr,112,72
linear::literalTypeText,109,1233
sourcegen::sourceGenReparseDecl,106,17
parser::cpBump,103,1133
sema::hasWrap,100,124
linear::ilIsListOf,97,278
sema::semaIsForTemplateName,95,3176
parser::setError,91,489
linear::ilConcatOperandOk,89,248
sourcegen::sourceGenResText,89,160
sourcegen::sourceGenBegin,89,1
linear::collectFields,88,6
codegen::ilLastDot,86,2828
compiler::driverAppendNamed,85,8
lex::setSource,84,53
resources::resDedup,83,2
parser::cpRewriteFoldDecl,81,13
sema::iteratedType,79,205
linear::ilOps3,77,2467
codegen::ilSlotHoldsClosure,76,506
codegen::profIndexOf,76,895
common::xmlHasChild,74,2515
sema::semaTypeTextList,74,210
common::litByteLength,74,2132
optimizations::foldConstReadRule,73,483
linear::collectLocals,73,258
sema::semGenericType,73,447
parser::parseImport,70,76
codegen::indexOf,70,1527
linear::freshSlotText,69,82
codegen::templateClause,68,1958
parser::parseTypeParams,68,32
optimizations::getLinOptPasses,67,2553
sema::semBindOne,67,472
codegen::emitStatics,67,1
sema::classMemberReturn,67,25
optimizations::linResolveJumpTarget,67,515
sema::semOuterTypeName,65,205
sema::semaBuiltinGenericArity,64,2017
codegen::setActiveTypeParams,64,1863
parser::cpIsPlaceType,63,748
sourcegen::sourceGenFind,63,508
sema::semaReceiverNameMatches,62,125
sourcegen::add,55,142
codegen::entry,54,1560
linear::yldThisMember,53,84
json::jsonGen,53,4
fmtStr,52,505
parser::parseYield,52,6
json::jsonBuildSource,50,1
json::jsonCollect,49,1
codegen::emitEnum,49,10
compiler::driverDedupRoots,49,1
profiling::profPreamble,48,895
parser::intLiteralAt,47,200
parser::cpUniformLiteral,47,254
linear::emitConcat,46,369
parser::whenLabelsAreLiterals,46,453
resources::resValueOf,44,160
codegen::selfPointer,44,1897
sourcegen::resGenDeclare,43,90
optimizations::foldGlobalCandidate,42,39
linear::take,34,490
sourcegen::getSourceGens,34,910
parser::receiverIndexAt,33,44
codegen::registerMachineType,33,6
sema::pushTypeScope,32,1081
linear::setSlotType,32,25
linear::ilShow,32,890
linear::ilTypeName,32,879
linear::ilNoConcat,31,901
sema::popTypeScope,31,1081
codegen::addNativeExt,30,69
linear::shadowName,30,196
linear::ilNativeSymbolOf,29,278
linear::ilConcatNumberOk,29,592
parser::parseTypeAlias,29,4
compiler::driverExpandRoot,28,1
json::jsonWants,27,45
parser::cpLiteralKey,27,274
sourcegen::sourceGenNewSections,26,2
sourcegen::sourceGenRegistersReceiver,26,94
linear::yldFieldName,25,144
parser::receiverCallAt,25,16
codegen::classReceiver,25,68
codegen::nullTo,24,82
sourcegen::isReached,24,79
sourcegen::sourceGenDeclaresPrototype,24,94
linear::ilListOfType,23,25
optimizations::foldGlobalLiteral,23,10
codegen::staticType,21,117
codegen::cgMagnitudeOf,21,874
sourcegen::resGenAlways,21,1
linear::ilCollectExprNames,21,39
sema::validateImports,20,53
linear::yldWithChildren,20,42
codegen::reachesPreludeBody,20,210
common::litCharSpelling,20,156
parser::propLambdaTarget,19,5
profiling::profEnabled,19,895
linear::yldMember,18,84
linear::ilConcatDstOk,18,369
sourcegen::sourceGenHas,18,111
codegen::parameterList,17,12
optimizations::foldToStringText,17,233
codegen::newEmitter,17,1
parser::cpBuildLocal,17,13
sourcegen::section,15,151
parser::charLiteralAt,14,44
codegen::collectPackages,14,1
parser::attrLiteralText,14,276
codegen::preludeText,14,1
linear::ilCollectStmtNames,14,5
sema::packageOf,14,106
codegen::emitEnumConversion,14,10
sourcegen::names,14,71
resources::resIsUnderline,13,202
sema::newAnalyzer,13,1
codegen::cgIntListText,13,2
parser::propFindFunction,13,5
codegen::emitTypeAlias,13,3
linear::yldAssign,12,18
codegen::ilConstructsClosure,12,506
linear::foldReceiver,12,33
linear::ilCollectStmtExprs,11,25
linear::makeIlSignatures,11,1
sourcegen::sourceGenArgs,11,111
sourcegen::sourceGenResetSink,11,1
codegen::inputPackage,10,92
linear::ilConcatSplittable,10,253
sourcegen::parameter,10,182
compiler::driverResourceRoots,9,1
optimizations::linConstGlobalsReset,9,1
common::litSpellChar,9,156
linear::ilConcatSymbol,9,120
linear::simBoundNames,8,28
sema::viewArgBase,8,12
linear::yldReturn,8,12
linear::yldStmt,8,30
linear::yldBranchField,8,180
parser::whenSubjectIsPlace,7,65
linear::ilConcatFoldOk,7,6
optimizations::foldPosAttrs,7,10
parser::propResInner,7,5
sourcegen::resGenReachable,7,16
common::xmlLambdaParams,7,12
codegen::cgRunLengthEncode,7,2
sourcegen::indexOf,6,151
parser::cpDropArg,6,15
sourcegen::registerSourceGen,6,4
linear::yldExpr,6,132
resources::resMarkedName,5,93
linear::yldBinary,5,12
linear::absorbToString,5,6
sema::typeParamVisible,5,70
optimizations::foldBoolLit,5,7
optimizations::linConstGlobalsBuild,5,1
resources::resQualifiedKey,5,60
sema::semNewFacts,4,1
sourcegen::sourceGenUnquote,4,92
resources::resIsFenceStart,4,50
sourcegen::begin,4,9
sourcegen::sourceGenSink,4,95
optimizations::foldAsLiteral,4,3
linear::yldIsLocalDeclaration,4,18
linear::ilConcatConstantOk,3,104
linear::absorb,3,12
linear::ilCollectStmtNamesIn,3,15
linear::yldBoolLiteral,3,12
optimizations::linDeadStoreKeep,3,13
linear::yldLabel,3,12
sema::declareType,3,42
resources::resValueText,3,60
linear::yldNamedType,3,6
optimizations::linDeadStoreCallOf,3,3
linear::yldReceiverField,3,174
linear::ilNamedTypeNode,3,28
parser::whenFirstChar,3,112
profiling::profPreludeText,3,1
sourcegen::makeSourceGenState,3,1
codegen::emitProfileText,3,1
lex::makeTokenRules,3,1
linear::yldCurrentField,2,162
lex::addRule,2,10
linear::ilSplitParams,2,5
optimizations::foldGlobalTypeKind,2,28
lex::makeReservedWords,2,1
optimizations::linDeadStoreIsConstruction,2,6
sema::semaIsOwnedViewSource,2,8
optimizations::linDeadStoreHasCall,2,13
linear::yldJumpWhen,2,12
sema::callableReturn,2,4
parser::whenDispatch,2,65
sema::viewArgHasOverload,2,1
parser::whenCopySubject,2,65
sourcegen::sourceGenTree,2,209
optimizations::registerLinOptPass,2,11
codegen::emitNativeDeclarations,2,1
compiler::driverNewModule,1,1
lex::getTokenRules,1,53
codegen::hasStaticInit,1,2
linear::compoundBinaryOp,1,3
parser::joinNames,1,5
resources::resUnquote,1,10
sourcegen::ktGen,1,1
linear::makeIlOpKindTexts,1,1
codegen::collectPackages_closure1::operator(),1,28
lex::makeMultiCharOperators,1,1
linear::ownerSymbol,0,5
codegen::operandKind,0,8
codegen::count,0,2
linear::yldIntLiteral,0,24
sourcegen::cppGen,0,7
sourcegen::addSourceGen,0,4
profiling::profNameTableText,0,1
codegen::collectResourceLiterals,0,1
compiler::manifestFile,0,1
codegen::emitResourceTable,0,1
codegen::emitProfileNames,0,1
resources::resStoredLiterals,0,1
linear::yldEndLabel,0,12
